Year,Sex,AgeGroup,Count,ASR
1982,Males,0-4,0,0
1982,Males,5-9,0,0
1982,Males,10-14,6,0.9
1982,Males,15-19,30,4.6
1982,Males,20-24,52,7.7
1982,Males,25-29,83,13.1
1982,Males,30-34,126,20.3
1982,Males,35-39,115,21
1982,Males,40-44,133,30
1982,Males,45-49,131,34.2
1982,Males,50-54,179,45.6
1982,Males,55-59,195,52.1
1982,Males,60-64,201,66
1982,Males,65-69,186,73.7
1982,Males,70-74,145,79
1982,Males,75-79,82,74
1982,Males,80-84,54,98.4
1982,Males,85-89,14,67.3
1982,Males,90+,4,52.2
1983,Males,0-4,1,0.2
1983,Males,5-9,2,0.3
1983,Males,10-14,4,0.6
1983,Males,15-19,27,4.1
1983,Males,20-24,51,7.5
1983,Males,25-29,77,12
1983,Males,30-34,125,20
1983,Males,35-39,135,23.2
1983,Males,40-44,125,27.3
1983,Males,45-49,139,35.4
1983,Males,50-54,171,44.4
1983,Males,55-59,203,53.5
1983,Males,60-64,229,71.7
1983,Males,65-69,203,80.6
1983,Males,70-74,156,81.9
1983,Males,75-79,108,93.5
1983,Males,80-84,38,65.8
1983,Males,85-89,16,75.6
1983,Males,90+,10,127.2
1984,Males,0-4,0,0
1984,Males,5-9,1,0.2
1984,Males,10-14,4,0.6
1984,Males,15-19,35,5.3
1984,Males,20-24,55,8
1984,Males,25-29,92,14.1
1984,Males,30-34,110,17.5
1984,Males,35-39,133,22.1
1984,Males,40-44,158,33.2
1984,Males,45-49,155,38.3
1984,Males,50-54,191,50.3
1984,Males,55-59,209,54.6
1984,Males,60-64,223,66.5
1984,Males,65-69,225,90.2
1984,Males,70-74,196,98.5
1984,Males,75-79,120,99.6
1984,Males,80-84,54,88.4
1984,Males,85-89,24,109.5
1984,Males,90+,7,84.5
1985,Males,0-4,0,0
1985,Males,5-9,0,0
1985,Males,10-14,2,0.3
1985,Males,15-19,27,4
1985,Males,20-24,59,8.6
1985,Males,25-29,107,16
1985,Males,30-34,137,21.8
1985,Males,35-39,163,26.1
1985,Males,40-44,168,33.9
1985,Males,45-49,158,37.6
1985,Males,50-54,196,52.3
1985,Males,55-59,256,66.5
1985,Males,60-64,263,76.3
1985,Males,65-69,240,94.5
1985,Males,70-74,213,103.8
1985,Males,75-79,126,99.7
1985,Males,80-84,68,107.2
1985,Males,85-89,30,125.8
1985,Males,90+,8,93.4
1986,Males,0-4,1,0.2
1986,Males,5-9,0,0
1986,Males,10-14,7,1
1986,Males,15-19,40,5.8
1986,Males,20-24,61,9
1986,Males,25-29,102,15
1986,Males,30-34,157,24.7
1986,Males,35-39,187,29.1
1986,Males,40-44,190,36.5
1986,Males,45-49,185,42.7
1986,Males,50-54,196,52
1986,Males,55-59,256,66.5
1986,Males,60-64,285,81.1
1986,Males,65-69,255,95.8
1986,Males,70-74,220,105.1
1986,Males,75-79,149,112.2
1986,Males,80-84,77,116.1
1986,Males,85-89,24,92.5
1986,Males,90+,12,137
1987,Males,0-4,1,0.2
1987,Males,5-9,0,0
1987,Males,10-14,7,1.1
1987,Males,15-19,41,5.8
1987,Males,20-24,76,11.3
1987,Males,25-29,145,20.8
1987,Males,30-34,191,29.4
1987,Males,35-39,224,35.3
1987,Males,40-44,242,43
1987,Males,45-49,208,46.6
1987,Males,50-54,223,58
1987,Males,55-59,302,79.4
1987,Males,60-64,343,96.5
1987,Males,65-69,312,111.9
1987,Males,70-74,260,122.1
1987,Males,75-79,169,122.8
1987,Males,80-84,99,140.7
1987,Males,85-89,24,88.1
1987,Males,90+,10,110.8
1988,Males,0-4,0,0
1988,Males,5-9,0,0
1988,Males,10-14,4,0.6
1988,Males,15-19,56,7.8
1988,Males,20-24,90,13.4
1988,Males,25-29,162,22.9
1988,Males,30-34,189,28.5
1988,Males,35-39,229,35.7
1988,Males,40-44,265,44.5
1988,Males,45-49,257,55.8
1988,Males,50-54,286,72.6
1988,Males,55-59,311,82.9
1988,Males,60-64,352,97.5
1988,Males,65-69,344,117.7
1988,Males,70-74,281,132.1
1988,Males,75-79,202,141.1
1988,Males,80-84,96,130.1
1988,Males,85-89,60,209
1988,Males,90+,14,152.6
1989,Males,0-4,1,0.2
1989,Males,5-9,1,0.2
1989,Males,10-14,12,1.9
1989,Males,15-19,37,5.1
1989,Males,20-24,66,9.7
1989,Males,25-29,110,15.3
1989,Males,30-34,171,25.1
1989,Males,35-39,213,32.8
1989,Males,40-44,268,43.2
1989,Males,45-49,244,50.6
1989,Males,50-54,233,57.4
1989,Males,55-59,274,73.8
1989,Males,60-64,406,111.3
1989,Males,65-69,360,117.3
1989,Males,70-74,290,136.7
1989,Males,75-79,224,149.5
1989,Males,80-84,133,172.6
1989,Males,85-89,53,173.8
1989,Males,90+,15,158.1
1990,Males,0-4,1,0.2
1990,Males,5-9,1,0.2
1990,Males,10-14,4,0.6
1990,Males,15-19,47,6.6
1990,Males,20-24,64,9.3
1990,Males,25-29,116,16.2
1990,Males,30-34,172,24.6
1990,Males,35-39,194,29.6
1990,Males,40-44,274,42.8
1990,Males,45-49,247,49.1
1990,Males,50-54,283,67.3
1990,Males,55-59,271,73.9
1990,Males,60-64,363,98.7
1990,Males,65-69,348,110.9
1990,Males,70-74,322,147.8
1990,Males,75-79,235,152.1
1990,Males,80-84,135,167.1
1990,Males,85-89,60,190.2
1990,Males,90+,14,139.6
1991,Males,0-4,1,0.2
1991,Males,5-9,1,0.2
1991,Males,10-14,8,1.3
1991,Males,15-19,53,7.6
1991,Males,20-24,63,8.9
1991,Males,25-29,127,18.1
1991,Males,30-34,163,22.8
1991,Males,35-39,202,30.4
1991,Males,40-44,255,38.9
1991,Males,45-49,264,50.1
1991,Males,50-54,256,59
1991,Males,55-59,282,76.8
1991,Males,60-64,341,93
1991,Males,65-69,361,112.8
1991,Males,70-74,332,145.3
1991,Males,75-79,252,158.5
1991,Males,80-84,153,181.3
1991,Males,85-89,60,177.4
1991,Males,90+,11,105.9
1992,Males,0-4,1,0.2
1992,Males,5-9,1,0.2
1992,Males,10-14,5,0.8
1992,Males,15-19,39,5.8
1992,Males,20-24,91,12.6
1992,Males,25-29,115,16.6
1992,Males,30-34,151,20.8
1992,Males,35-39,221,32.7
1992,Males,40-44,281,43
1992,Males,45-49,289,51.5
1992,Males,50-54,276,61.9
1992,Males,55-59,318,85.1
1992,Males,60-64,431,118.9
1992,Males,65-69,440,135.5
1992,Males,70-74,365,152.7
1992,Males,75-79,305,188.3
1992,Males,80-84,173,195.9
1992,Males,85-89,60,167.4
1992,Males,90+,26,226.8
1993,Males,0-4,0,0
1993,Males,5-9,1,0.2
1993,Males,10-14,11,1.7
1993,Males,15-19,39,5.9
1993,Males,20-24,76,10.4
1993,Males,25-29,121,17.7
1993,Males,30-34,144,19.7
1993,Males,35-39,224,32.7
1993,Males,40-44,254,38.9
1993,Males,45-49,298,50.1
1993,Males,50-54,301,66.2
1993,Males,55-59,322,84.1
1993,Males,60-64,409,114.5
1993,Males,65-69,453,137.6
1993,Males,70-74,435,173.9
1993,Males,75-79,343,210.4
1993,Males,80-84,183,196.6
1993,Males,85-89,72,190.3
1993,Males,90+,28,225.2
1994,Males,0-4,0,0
1994,Males,5-9,0,0
1994,Males,10-14,10,1.5
1994,Males,15-19,34,5.2
1994,Males,20-24,89,12.2
1994,Males,25-29,134,19.7
1994,Males,30-34,171,23.3
1994,Males,35-39,228,32.9
1994,Males,40-44,272,41.4
1994,Males,45-49,336,54.6
1994,Males,50-54,354,74.8
1994,Males,55-59,347,88.4
1994,Males,60-64,390,110.1
1994,Males,65-69,432,130.3
1994,Males,70-74,405,153.9
1994,Males,75-79,324,198.9
1994,Males,80-84,202,205.5
1994,Males,85-89,82,206.5
1994,Males,90+,22,163.3
1995,Males,0-4,0,0
1995,Males,5-9,1,0.2
1995,Males,10-14,7,1.1
1995,Males,15-19,59,9.1
1995,Males,20-24,86,11.9
1995,Males,25-29,137,19.9
1995,Males,30-34,172,23.6
1995,Males,35-39,224,31.6
1995,Males,40-44,323,48.7
1995,Males,45-49,335,52.9
1995,Males,50-54,360,72.8
1995,Males,55-59,393,97
1995,Males,60-64,419,119
1995,Males,65-69,498,149.1
1995,Males,70-74,475,176.6
1995,Males,75-79,330,195.4
1995,Males,80-84,215,210.3
1995,Males,85-89,102,242.2
1995,Males,90+,26,179.6
1996,Males,0-4,1,0.2
1996,Males,5-9,2,0.3
1996,Males,10-14,8,1.2
1996,Males,15-19,55,8.4
1996,Males,20-24,69,9.8
1996,Males,25-29,154,21.8
1996,Males,30-34,158,22
1996,Males,35-39,229,31.6
1996,Males,40-44,307,45.6
1996,Males,45-49,381,58.5
1996,Males,50-54,392,76.1
1996,Males,55-59,376,90
1996,Males,60-64,404,114.7
1996,Males,65-69,504,150.1
1996,Males,70-74,508,184.9
1996,Males,75-79,406,227.2
1996,Males,80-84,253,240.2
1996,Males,85-89,111,249.4
1996,Males,90+,38,245.3
1997,Males,0-4,1,0.2
1997,Males,5-9,2,0.3
1997,Males,10-14,10,1.5
1997,Males,15-19,37,5.7
1997,Males,20-24,91,13.3
1997,Males,25-29,148,20.5
1997,Males,30-34,185,26.2
1997,Males,35-39,239,32.5
1997,Males,40-44,290,42.4
1997,Males,45-49,422,65.2
1997,Males,50-54,476,85.7
1997,Males,55-59,427,98.8
1997,Males,60-64,433,120.4
1997,Males,65-69,544,162
1997,Males,70-74,600,213.9
1997,Males,75-79,430,227.5
1997,Males,80-84,243,224.7
1997,Males,85-89,95,201.4
1997,Males,90+,27,164.5
1998,Males,0-4,0,0
1998,Males,5-9,1,0.1
1998,Males,10-14,6,0.9
1998,Males,15-19,28,4.3
1998,Males,20-24,60,9
1998,Males,25-29,121,16.6
1998,Males,30-34,160,22.9
1998,Males,35-39,233,31.4
1998,Males,40-44,262,37.9
1998,Males,45-49,403,61.8
1998,Males,50-54,467,79.3
1998,Males,55-59,445,99.7
1998,Males,60-64,429,116
1998,Males,65-69,504,151.1
1998,Males,70-74,514,179.3
1998,Males,75-79,461,231
1998,Males,80-84,244,221.5
1998,Males,85-89,114,226.7
1998,Males,90+,34,193.5
1999,Males,0-4,0,0
1999,Males,5-9,2,0.3
1999,Males,10-14,2,0.3
1999,Males,15-19,44,6.7
1999,Males,20-24,69,10.5
1999,Males,25-29,125,17.2
1999,Males,30-34,173,24.8
1999,Males,35-39,245,32.8
1999,Males,40-44,295,42
1999,Males,45-49,400,60.7
1999,Males,50-54,445,72.9
1999,Males,55-59,452,96.9
1999,Males,60-64,478,124.9
1999,Males,65-69,498,150.1
1999,Males,70-74,579,197.7
1999,Males,75-79,474,224.7
1999,Males,80-84,289,258.2
1999,Males,85-89,121,226.6
1999,Males,90+,44,231.9
2000,Males,0-4,0,0
2000,Males,5-9,0,0
2000,Males,10-14,5,0.7
2000,Males,15-19,34,5.1
2000,Males,20-24,70,10.8
2000,Males,25-29,131,18.3
2000,Males,30-34,166,23.6
2000,Males,35-39,230,30.9
2000,Males,40-44,327,45.7
2000,Males,45-49,402,60.6
2000,Males,50-54,472,74.9
2000,Males,55-59,487,100
2000,Males,60-64,489,122.8
2000,Males,65-69,491,148.8
2000,Males,70-74,621,208.6
2000,Males,75-79,492,225.5
2000,Males,80-84,296,250.4
2000,Males,85-89,133,235.7
2000,Males,90+,54,262.1
2001,Males,0-4,0,0
2001,Males,5-9,0,0
2001,Males,10-14,7,1
2001,Males,15-19,42,6.1
2001,Males,20-24,54,8.3
2001,Males,25-29,135,19.4
2001,Males,30-34,163,22.6
2001,Males,35-39,238,32.3
2001,Males,40-44,298,40.8
2001,Males,45-49,406,60.5
2001,Males,50-54,516,79.6
2001,Males,55-59,534,104.8
2001,Males,60-64,476,115.8
2001,Males,65-69,544,163.2
2001,Males,70-74,592,196.4
2001,Males,75-79,565,250.2
2001,Males,80-84,329,258.3
2001,Males,85-89,148,250.7
2001,Males,90+,60,268.8
2002,Males,0-4,1,0.2
2002,Males,5-9,0,0
2002,Males,10-14,3,0.4
2002,Males,15-19,37,5.4
2002,Males,20-24,76,11.4
2002,Males,25-29,110,16.1
2002,Males,30-34,178,24.1
2002,Males,35-39,228,31.3
2002,Males,40-44,381,51.1
2002,Males,45-49,426,62.5
2002,Males,50-54,536,83.2
2002,Males,55-59,596,109.2
2002,Males,60-64,618,146.1
2002,Males,65-69,543,159.1
2002,Males,70-74,721,239.2
2002,Males,75-79,560,242.1
2002,Males,80-84,363,267.4
2002,Males,85-89,190,309.5
2002,Males,90+,57,245.2
2003,Males,0-4,1,0.2
2003,Males,5-9,0,0
2003,Males,10-14,4,0.6
2003,Males,15-19,33,4.8
2003,Males,20-24,56,8.2
2003,Males,25-29,110,16.3
2003,Males,30-34,167,22.3
2003,Males,35-39,232,32.2
2003,Males,40-44,313,41.4
2003,Males,45-49,398,57.5
2003,Males,50-54,544,84
2003,Males,55-59,698,120.7
2003,Males,60-64,533,122.8
2003,Males,65-69,543,154.8
2003,Males,70-74,630,210.6
2003,Males,75-79,653,274.8
2003,Males,80-84,407,282.7
2003,Males,85-89,196,312
2003,Males,90+,64,263.2
2004,Males,0-4,0,0
2004,Males,5-9,0,0
2004,Males,10-14,4,0.6
2004,Males,15-19,30,4.3
2004,Males,20-24,79,11.2
2004,Males,25-29,116,17.2
2004,Males,30-34,196,26.2
2004,Males,35-39,206,28.6
2004,Males,40-44,274,36.1
2004,Males,45-49,374,52.9
2004,Males,50-54,494,75.7
2004,Males,55-59,628,105.1
2004,Males,60-64,610,135.4
2004,Males,65-69,630,174.5
2004,Males,70-74,594,199.5
2004,Males,75-79,617,253.9
2004,Males,80-84,488,320.7
2004,Males,85-89,190,296.3
2004,Males,90+,78,303.9
2005,Males,0-4,1,0.2
2005,Males,5-9,2,0.3
2005,Males,10-14,2,0.3
2005,Males,15-19,32,4.5
2005,Males,20-24,58,8.1
2005,Males,25-29,122,17.9
2005,Males,30-34,172,23.1
2005,Males,35-39,226,31
2005,Males,40-44,315,41.5
2005,Males,45-49,442,61.4
2005,Males,50-54,524,79.5
2005,Males,55-59,707,114.8
2005,Males,60-64,659,140.4
2005,Males,65-69,679,182.1
2005,Males,70-74,667,224.5
2005,Males,75-79,693,280.3
2005,Males,80-84,509,321.5
2005,Males,85-89,242,349.6
2005,Males,90+,92,337.2
2006,Males,0-4,0,0
2006,Males,5-9,0,0
2006,Males,10-14,3,0.4
2006,Males,15-19,31,4.3
2006,Males,20-24,60,8.1
2006,Males,25-29,110,15.8
2006,Males,30-34,171,23.3
2006,Males,35-39,224,29.9
2006,Males,40-44,309,41
2006,Males,45-49,410,56
2006,Males,50-54,500,74.6
2006,Males,55-59,692,110
2006,Males,60-64,662,134.9
2006,Males,65-69,694,181.7
2006,Males,70-74,693,230.7
2006,Males,75-79,730,292
2006,Males,80-84,477,290.1
2006,Males,85-89,242,324.2
2006,Males,90+,103,359.8
2007,Males,0-4,0,0
2007,Males,5-9,0,0
2007,Males,10-14,3,0.4
2007,Males,15-19,17,2.3
2007,Males,20-24,56,7.4
2007,Males,25-29,86,11.9
2007,Males,30-34,156,21.5
2007,Males,35-39,191,24.7
2007,Males,40-44,243,32.5
2007,Males,45-49,402,53.8
2007,Males,50-54,528,77.4
2007,Males,55-59,676,108
2007,Males,60-64,738,139.6
2007,Males,65-69,709,178.5
2007,Males,70-74,682,221.2
2007,Males,75-79,647,257.4
2007,Males,80-84,541,317.8
2007,Males,85-89,271,335.9
2007,Males,90+,99,327.4
2008,Males,0-4,0,0
2008,Males,5-9,1,0.1
2008,Males,10-14,3,0.4
2008,Males,15-19,22,3
2008,Males,20-24,59,7.5
2008,Males,25-29,87,11.5
2008,Males,30-34,141,19.4
2008,Males,35-39,254,32.2
2008,Males,40-44,313,42
2008,Males,45-49,410,53.8
2008,Males,50-54,569,82.1
2008,Males,55-59,669,106
2008,Males,60-64,800,142.9
2008,Males,65-69,778,189.3
2008,Males,70-74,662,208.4
2008,Males,75-79,690,274.3
2008,Males,80-84,650,369.2
2008,Males,85-89,318,369.7
2008,Males,90+,110,351.3
2009,Males,0-4,1,0.1
2009,Males,5-9,0,0
2009,Males,10-14,9,1.3
2009,Males,15-19,27,3.6
2009,Males,20-24,48,5.9
2009,Males,25-29,101,12.6
2009,Males,30-34,148,20
2009,Males,35-39,255,32
2009,Males,40-44,297,39.6
2009,Males,45-49,386,50.1
2009,Males,50-54,555,78.3
2009,Males,55-59,692,108.3
2009,Males,60-64,810,139.8
2009,Males,65-69,759,176.4
2009,Males,70-74,796,241.5
2009,Males,75-79,712,281.9
2009,Males,80-84,571,315.5
2009,Males,85-89,333,364
2009,Males,90+,110,338.2
2010,Males,0-4,1,0.1
2010,Males,5-9,0,0
2010,Males,10-14,2,0.3
2010,Males,15-19,18,2.4
2010,Males,20-24,29,3.5
2010,Males,25-29,104,12.6
2010,Males,30-34,154,20.5
2010,Males,35-39,215,27.1
2010,Males,40-44,299,39.2
2010,Males,45-49,380,49.3
2010,Males,50-54,557,77
2010,Males,55-59,686,105.7
2010,Males,60-64,869,145.6
2010,Males,65-69,817,181.1
2010,Males,70-74,815,236.9
2010,Males,75-79,739,291.2
2010,Males,80-84,645,346.2
2010,Males,85-89,344,357.6
2010,Males,90+,136,384.3
2011,Males,0-4,1,0.1
2011,Males,5-9,1,0.1
2011,Males,10-14,5,0.7
2011,Males,15-19,18,2.4
2011,Males,20-24,44,5.3
2011,Males,25-29,99,11.8
2011,Males,30-34,141,18.3
2011,Males,35-39,194,24.8
2011,Males,40-44,315,40
2011,Males,45-49,386,50.5
2011,Males,50-54,517,69.9
2011,Males,55-59,691,104.4
2011,Males,60-64,965,157.9
2011,Males,65-69,865,182.4
2011,Males,70-74,821,229.8
2011,Males,75-79,651,251.9
2011,Males,80-84,599,314.3
2011,Males,85-89,354,350.7
2011,Males,90+,141,369.8
2012,Males,0-4,1,0.1
2012,Males,5-9,0,0
2012,Males,10-14,1,0.1
2012,Males,15-19,16,2.1
2012,Males,20-24,51,6.1
2012,Males,25-29,100,11.6
2012,Males,30-34,151,18.9
2012,Males,35-39,202,26
2012,Males,40-44,313,38.7
2012,Males,45-49,380,50
2012,Males,50-54,593,78.7
2012,Males,55-59,702,104.2
2012,Males,60-64,888,145.8
2012,Males,65-69,979,192.8
2012,Males,70-74,902,243.8
2012,Males,75-79,743,278.6
2012,Males,80-84,586,304.3
2012,Males,85-89,402,381.5
2012,Males,90+,161,386.5
2013,Males,0-4,1,0.1
2013,Males,5-9,1,0.1
2013,Males,10-14,2,0.3
2013,Males,15-19,13,1.7
2013,Males,20-24,45,5.4
2013,Males,25-29,93,10.6
2013,Males,30-34,136,16.4
2013,Males,35-39,211,27.2
2013,Males,40-44,303,36.9
2013,Males,45-49,407,53.7
2013,Males,50-54,567,74.1
2013,Males,55-59,697,101.8
2013,Males,60-64,956,155.4
2013,Males,65-69,1075,200.3
2013,Males,70-74,955,250.4
2013,Males,75-79,818,296.2
2013,Males,80-84,675,347.8
2013,Males,85-89,409,370.1
2013,Males,90+,183,406.4
2014,Males,0-4,0,0
2014,Males,5-9,0,0
2014,Males,10-14,1,0.1
2014,Males,15-19,16,2.1
2014,Males,20-24,44,5.2
2014,Males,25-29,86,9.7
2014,Males,30-34,137,16
2014,Males,35-39,205,26.4
2014,Males,40-44,324,39.4
2014,Males,45-49,392,51.7
2014,Males,50-54,605,78.4
2014,Males,55-59,690,98.9
2014,Males,60-64,901,144.9
2014,Males,65-69,1135,204.3
2014,Males,70-74,933,234.1
2014,Males,75-79,868,302.8
2014,Males,80-84,737,375.6
2014,Males,85-89,459,399.2
2014,Males,90+,201,411.3
2015,Males,0-4,0,0
2015,Males,5-9,0,0
2015,Males,10-14,1,0.1
2015,Males,15-19,10,1.3
2015,Males,20-24,44,5.1
2015,Males,25-29,82,9.2
2015,Males,30-34,138,15.8
2015,Males,35-39,189,24.1
2015,Males,40-44,325,39.7
2015,Males,45-49,445,58
2015,Males,50-54,591,76.8
2015,Males,55-59,750,105.6
2015,Males,60-64,969,154.2
2015,Males,65-69,1151,200.8
2015,Males,70-74,1121,269.3
2015,Males,75-79,923,309.6
2015,Males,80-84,639,323
2015,Males,85-89,453,379.7
2015,Males,90+,205,390
2016,Males,0-4,1,0.1
2016,Males,5-9,0,0
2016,Males,10-14,4,0.5
2016,Males,15-19,13,1.7
2016,Males,20-24,37,4.3
2016,Males,25-29,90,9.9
2016,Males,30-34,161,18
2016,Males,35-39,218,27.2
2016,Males,40-44,350,43.3
2016,Males,45-49,480,61.1
2016,Males,50-54,596,78.1
2016,Males,55-59,853,117.9
2016,Males,60-64,996,156.2
2016,Males,65-69,1234,209.5
2016,Males,70-74,1150,263.3
2016,Males,75-79,937,304.1
2016,Males,80-84,728,359.5
2016,Males,85-89,482,393.6
2016,Males,90+,200,352.1
2017,Males,0-4,2,0.2
2017,Males,5-9,0,0
2017,Males,10-14,1,0.1
2017,Males,15-19,13,1.7
2017,Males,20-24,32,3.6
2017,Males,25-29,100,10.8
2017,Males,30-34,166,18.3
2017,Males,35-39,213,25.7
2017,Males,40-44,323,40.5
2017,Males,45-49,449,55.6
2017,Males,50-54,628,83.2
2017,Males,55-59,919,124.4
2017,Males,60-64,954,146.9
2017,Males,65-69,1223,208.5
2017,Males,70-74,1288,273.8
2017,Males,75-79,1005,312.4
2017,Males,80-84,763,363.5
2017,Males,85-89,492,394.3
2017,Males,90+,226,374.9
2018,Males,0-4,0,0
2018,Males,5-9,1,0.1
2018,Males,10-14,3,0.4
2018,Males,15-19,15,2
2018,Males,20-24,54,6.1
2018,Males,25-29,88,9.4
2018,Males,30-34,140,15.2
2018,Males,35-39,219,25.5
2018,Males,40-44,304,38.3
2018,Males,45-49,512,62.5
2018,Males,50-54,623,83.1
2018,Males,55-59,860,114.7
2018,Males,60-64,1013,153.2
2018,Males,65-69,1181,200.2
2018,Males,70-74,1307,261.7
2018,Males,75-79,1078,323
2018,Males,80-84,791,362.1
2018,Males,85-89,504,398.6
2018,Males,90+,249,387.9
1982,Females,0-4,0,0
1982,Females,5-9,2,0.3
1982,Females,10-14,5,0.8
1982,Females,15-19,39,6.2
1982,Females,20-24,92,14
1982,Females,25-29,128,20.6
1982,Females,30-34,164,27
1982,Females,35-39,171,32.5
1982,Females,40-44,165,39.1
1982,Females,45-49,160,43.9
1982,Females,50-54,133,35.6
1982,Females,55-59,170,45.7
1982,Females,60-64,133,40.1
1982,Females,65-69,154,53
1982,Females,70-74,112,47.8
1982,Females,75-79,90,55.9
1982,Females,80-84,43,41
1982,Females,85-89,23,42.9
1982,Females,90+,15,62.2
1983,Females,0-4,0,0
1983,Females,5-9,0,0
1983,Females,10-14,6,0.9
1983,Females,15-19,34,5.4
1983,Females,20-24,99,14.9
1983,Females,25-29,160,25.4
1983,Females,30-34,188,30.6
1983,Females,35-39,189,33.8
1983,Females,40-44,172,39.7
1983,Females,45-49,171,45.7
1983,Females,50-54,148,40.3
1983,Females,55-59,173,46.2
1983,Females,60-64,151,44
1983,Females,65-69,173,59.4
1983,Females,70-74,132,54.5
1983,Females,75-79,83,49.1
1983,Females,80-84,56,51.7
1983,Females,85-89,29,52.9
1983,Females,90+,12,47.3
1984,Females,0-4,1,0.2
1984,Females,5-9,0,0
1984,Females,10-14,4,0.6
1984,Females,15-19,33,5.2
1984,Females,20-24,83,12.5
1984,Females,25-29,130,20.3
1984,Females,30-34,190,30.6
1984,Females,35-39,198,34.1
1984,Females,40-44,165,36.5
1984,Females,45-49,168,43.5
1984,Females,50-54,159,43.9
1984,Females,55-59,211,56.4
1984,Females,60-64,187,52.5
1984,Females,65-69,155,53.7
1984,Females,70-74,134,53.1
1984,Females,75-79,100,56.7
1984,Females,80-84,80,70.8
1984,Females,85-89,30,53.3
1984,Females,90+,23,85.3
1985,Females,0-4,0,0
1985,Females,5-9,1,0.2
1985,Females,10-14,9,1.4
1985,Females,15-19,32,5
1985,Females,20-24,101,15.2
1985,Females,25-29,159,24.4
1985,Females,30-34,200,32
1985,Females,35-39,248,41.1
1985,Females,40-44,212,44.9
1985,Females,45-49,175,43.9
1985,Females,50-54,189,52.8
1985,Females,55-59,179,47.9
1985,Females,60-64,195,53.6
1985,Females,65-69,186,63.6
1985,Females,70-74,158,61
1985,Females,75-79,113,61.4
1985,Females,80-84,71,61.5
1985,Females,85-89,36,59.7
1985,Females,90+,23,80.5
1986,Females,0-4,0,0
1986,Females,5-9,2,0.3
1986,Females,10-14,6,0.9
1986,Females,15-19,43,6.5
1986,Females,20-24,97,14.8
1986,Females,25-29,127,19
1986,Females,30-34,188,29.7
1986,Females,35-39,245,39.2
1986,Females,40-44,203,41.1
1986,Females,45-49,190,46.4
1986,Females,50-54,186,51.7
1986,Females,55-59,193,52.1
1986,Females,60-64,198,53.8
1986,Females,65-69,204,67.1
1986,Females,70-74,168,63.7
1986,Females,75-79,115,60
1986,Females,80-84,81,68.2
1986,Females,85-89,35,54.3
1986,Females,90+,24,79.7
1987,Females,0-4,1,0.2
1987,Females,5-9,1,0.2
1987,Females,10-14,4,0.6
1987,Females,15-19,49,7.2
1987,Females,20-24,106,16.2
1987,Females,25-29,187,27.4
1987,Females,30-34,216,33.4
1987,Females,35-39,262,42
1987,Females,40-44,259,48.3
1987,Females,45-49,208,49.3
1987,Females,50-54,200,54.3
1987,Females,55-59,228,62.1
1987,Females,60-64,236,64.1
1987,Females,65-69,208,65.8
1987,Females,70-74,199,74.5
1987,Females,75-79,154,77.4
1987,Females,80-84,91,73.5
1987,Females,85-89,56,84.9
1987,Females,90+,17,54.4
1988,Females,0-4,0,0
1988,Females,5-9,2,0.3
1988,Females,10-14,5,0.8
1988,Females,15-19,52,7.5
1988,Females,20-24,106,16.2
1988,Females,25-29,183,26.3
1988,Females,30-34,224,33.9
1988,Females,35-39,259,40.8
1988,Females,40-44,265,46.5
1988,Females,45-49,253,58.1
1988,Females,50-54,182,48.2
1988,Females,55-59,228,62.7
1988,Females,60-64,236,63.8
1988,Females,65-69,256,77.7
1988,Females,70-74,213,79.6
1988,Females,75-79,172,83.6
1988,Females,80-84,104,80.6
1988,Females,85-89,58,85.6
1988,Females,90+,21,65.5
1989,Females,0-4,0,0
1989,Females,5-9,0,0
1989,Females,10-14,7,1.2
1989,Females,15-19,46,6.7
1989,Females,20-24,110,16.7
1989,Females,25-29,149,21.1
1989,Females,30-34,182,26.9
1989,Females,35-39,238,36.9
1989,Females,40-44,254,42.6
1989,Females,45-49,233,51.1
1989,Females,50-54,193,49.6
1989,Females,55-59,197,54.6
1989,Females,60-64,228,61.5
1989,Females,65-69,257,75
1989,Females,70-74,190,71.5
1989,Females,75-79,166,77.3
1989,Females,80-84,105,78.5
1989,Females,85-89,36,51.3
1989,Females,90+,28,84.8
1990,Females,0-4,0,0
1990,Females,5-9,2,0.3
1990,Females,10-14,6,1
1990,Females,15-19,42,6.1
1990,Females,20-24,103,15.4
1990,Females,25-29,140,19.8
1990,Females,30-34,163,23.5
1990,Females,35-39,243,37
1990,Females,40-44,249,40.2
1990,Females,45-49,234,48.9
1990,Females,50-54,196,48.9
1990,Females,55-59,201,56
1990,Females,60-64,239,64.5
1990,Females,65-69,242,69.4
1990,Females,70-74,237,87.6
1990,Females,75-79,204,92.4
1990,Females,80-84,99,71.1
1990,Females,85-89,53,74.6
1990,Females,90+,34,98.5
1991,Females,0-4,0,0
1991,Females,5-9,1,0.2
1991,Females,10-14,15,2.5
1991,Females,15-19,58,8.7
1991,Females,20-24,96,13.9
1991,Females,25-29,137,19.7
1991,Females,30-34,202,28.4
1991,Females,35-39,243,36.6
1991,Females,40-44,258,40.4
1991,Females,45-49,225,44.8
1991,Females,50-54,224,54.2
1991,Females,55-59,217,60.5
1991,Females,60-64,241,65.1
1991,Females,65-69,241,68.6
1991,Females,70-74,201,71.2
1991,Females,75-79,211,93.6
1991,Females,80-84,133,91.5
1991,Females,85-89,57,77
1991,Females,90+,27,75.1
1992,Females,0-4,0,0
1992,Females,5-9,1,0.2
1992,Females,10-14,10,1.6
1992,Females,15-19,26,4
1992,Females,20-24,98,13.9
1992,Females,25-29,147,21.3
1992,Females,30-34,210,29
1992,Females,35-39,249,36.8
1992,Females,40-44,255,39.8
1992,Females,45-49,277,51.5
1992,Females,50-54,245,57.8
1992,Females,55-59,218,59.6
1992,Females,60-64,271,74.3
1992,Females,65-69,295,83.7
1992,Females,70-74,221,75.6
1992,Females,75-79,225,98.3
1992,Females,80-84,133,87.9
1992,Females,85-89,66,84.9
1992,Females,90+,34,90.3
1993,Females,0-4,0,0
1993,Females,5-9,0,0
1993,Females,10-14,13,2.1
1993,Females,15-19,46,7.3
1993,Females,20-24,82,11.6
1993,Females,25-29,132,19.4
1993,Females,30-34,218,29.9
1993,Females,35-39,245,35.7
1993,Females,40-44,289,44.7
1993,Females,45-49,282,49.3
1993,Females,50-54,267,61.6
1993,Females,55-59,192,51.2
1993,Females,60-64,268,74.7
1993,Females,65-69,305,86
1993,Females,70-74,269,88.8
1993,Females,75-79,184,80.1
1993,Females,80-84,153,96.8
1993,Females,85-89,75,91.6
1993,Females,90+,42,106
1994,Females,0-4,0,0
1994,Females,5-9,1,0.2
1994,Females,10-14,2,0.3
1994,Females,15-19,38,6.1
1994,Females,20-24,112,15.8
1994,Females,25-29,139,20.5
1994,Females,30-34,200,27.3
1994,Females,35-39,223,32
1994,Females,40-44,297,45.3
1994,Females,45-49,316,53.2
1994,Females,50-54,270,59.8
1994,Females,55-59,225,58.5
1994,Females,60-64,250,70.2
1994,Females,65-69,306,86.6
1994,Females,70-74,277,87.5
1994,Females,75-79,193,85
1994,Females,80-84,152,91.2
1994,Females,85-89,88,103.4
1994,Females,90+,30,71.4
1995,Females,0-4,1,0.2
1995,Females,5-9,1,0.2
1995,Females,10-14,5,0.8
1995,Females,15-19,44,7.1
1995,Females,20-24,120,17.1
1995,Females,25-29,176,25.7
1995,Females,30-34,274,37.6
1995,Females,35-39,270,38
1995,Females,40-44,274,41.2
1995,Females,45-49,329,53.5
1995,Females,50-54,270,56.9
1995,Females,55-59,237,60.2
1995,Females,60-64,256,72
1995,Females,65-69,284,80.5
1995,Females,70-74,266,82.7
1995,Females,75-79,225,96.8
1995,Females,80-84,166,96.6
1995,Females,85-89,94,104.9
1995,Females,90+,31,70.2
1996,Females,0-4,1,0.2
1996,Females,5-9,4,0.6
1996,Females,10-14,17,2.7
1996,Females,15-19,61,9.8
1996,Females,20-24,104,15.2
1996,Females,25-29,164,23.3
1996,Females,30-34,233,32.3
1996,Females,35-39,283,39
1996,Females,40-44,296,43.8
1996,Females,45-49,326,51.2
1996,Females,50-54,326,65.9
1996,Females,55-59,255,62.9
1996,Females,60-64,278,78.3
1996,Females,65-69,282,79.9
1996,Females,70-74,307,94.3
1996,Females,75-79,225,92.7
1996,Females,80-84,174,99
1996,Females,85-89,107,113.4
1996,Females,90+,41,88.1
1997,Females,0-4,0,0
1997,Females,5-9,0,0
1997,Females,10-14,7,1.1
1997,Females,15-19,63,10.2
1997,Females,20-24,116,17.4
1997,Females,25-29,181,25.1
1997,Females,30-34,232,32.6
1997,Females,35-39,290,39.2
1997,Females,40-44,342,49.7
1997,Females,45-49,350,54.7
1997,Females,50-54,376,70.3
1997,Females,55-59,295,70.4
1997,Females,60-64,271,74.9
1997,Females,65-69,308,87.9
1997,Females,70-74,311,95.1
1997,Females,75-79,270,105.8
1997,Females,80-84,177,98.9
1997,Females,85-89,119,119
1997,Females,90+,45,92.5
1998,Females,0-4,1,0.2
1998,Females,5-9,1,0.2
1998,Females,10-14,6,0.9
1998,Females,15-19,36,5.8
1998,Females,20-24,93,14.4
1998,Females,25-29,152,20.9
1998,Females,30-34,242,34.3
1998,Females,35-39,265,35.4
1998,Females,40-44,307,43.9
1998,Females,45-49,316,48.6
1998,Females,50-54,357,62.7
1998,Females,55-59,291,67.5
1998,Females,60-64,295,79.7
1998,Females,65-69,274,78.9
1998,Females,70-74,267,81.1
1998,Females,75-79,267,99.9
1998,Females,80-84,180,99.4
1998,Females,85-89,129,122.7
1998,Females,90+,41,80.7
1999,Females,0-4,1,0.2
1999,Females,5-9,2,0.3
1999,Females,10-14,7,1.1
1999,Females,15-19,34,5.4
1999,Females,20-24,119,18.7
1999,Females,25-29,148,20.3
1999,Females,30-34,209,29.6
1999,Females,35-39,279,37
1999,Females,40-44,301,42.4
1999,Females,45-49,388,58.6
1999,Females,50-54,380,63.9
1999,Females,55-59,296,65.8
1999,Females,60-64,254,66.5
1999,Females,65-69,290,84.3
1999,Females,70-74,302,91.1
1999,Females,75-79,274,98.1
1999,Females,80-84,209,114.8
1999,Females,85-89,112,100.7
1999,Females,90+,59,109.4
2000,Females,0-4,0,0
2000,Females,5-9,1,0.2
2000,Females,10-14,5,0.8
2000,Females,15-19,38,5.9
2000,Females,20-24,93,14.8
2000,Females,25-29,151,20.9
2000,Females,30-34,220,30.8
2000,Females,35-39,302,40.2
2000,Females,40-44,315,43.5
2000,Females,45-49,357,53.3
2000,Females,50-54,372,60.1
2000,Females,55-59,313,66.5
2000,Females,60-64,282,71.5
2000,Females,65-69,305,89
2000,Females,70-74,328,98.9
2000,Females,75-79,339,118.6
2000,Females,80-84,206,109.1
2000,Females,85-89,135,116.4
2000,Females,90+,67,115.3
2001,Females,0-4,1,0.2
2001,Females,5-9,5,0.8
2001,Females,10-14,7,1.1
2001,Females,15-19,41,6.3
2001,Females,20-24,79,12.4
2001,Females,25-29,145,20.7
2001,Females,30-34,219,29.8
2001,Females,35-39,279,37.4
2001,Females,40-44,349,47.1
2001,Females,45-49,349,51.4
2001,Females,50-54,418,64.9
2001,Females,55-59,331,67.2
2001,Females,60-64,320,79
2001,Females,65-69,304,88.2
2001,Females,70-74,345,103.7
2001,Females,75-79,308,106.2
2001,Females,80-84,215,107.3
2001,Females,85-89,133,110.7
2001,Females,90+,52,83.9
2002,Females,0-4,1,0.2
2002,Females,5-9,4,0.6
2002,Females,10-14,10,1.5
2002,Females,15-19,42,6.3
2002,Females,20-24,93,14.4
2002,Females,25-29,146,21.4
2002,Females,30-34,220,29.3
2002,Females,35-39,253,34.3
2002,Females,40-44,327,43.3
2002,Females,45-49,400,58
2002,Females,50-54,434,67.4
2002,Females,55-59,422,79.3
2002,Females,60-64,379,91.1
2002,Females,65-69,332,94.3
2002,Females,70-74,345,104.6
2002,Females,75-79,321,109.9
2002,Females,80-84,273,130.4
2002,Females,85-89,165,134.2
2002,Females,90+,71,109.2
2003,Females,0-4,0,0
2003,Females,5-9,2,0.3
2003,Females,10-14,4,0.6
2003,Females,15-19,31,4.6
2003,Females,20-24,95,14.3
2003,Females,25-29,123,18.3
2003,Females,30-34,211,27.7
2003,Females,35-39,261,35.7
2003,Females,40-44,331,43.2
2003,Females,45-49,371,52.8
2003,Females,50-54,397,61.1
2003,Females,55-59,405,71.5
2003,Females,60-64,333,77.9
2003,Females,65-69,343,95
2003,Females,70-74,332,101.8
2003,Females,75-79,299,101.4
2003,Females,80-84,252,115.2
2003,Females,85-89,169,135.5
2003,Females,90+,70,103.6
2004,Females,0-4,0,0
2004,Females,5-9,0,0
2004,Females,10-14,5,0.7
2004,Females,15-19,34,5.1
2004,Females,20-24,92,13.6
2004,Females,25-29,137,20.5
2004,Females,30-34,216,28.4
2004,Females,35-39,236,32.3
2004,Females,40-44,313,40.6
2004,Females,45-49,416,58
2004,Females,50-54,422,64.2
2004,Females,55-59,459,77.9
2004,Females,60-64,401,90.1
2004,Females,65-69,366,98.5
2004,Females,70-74,318,98.5
2004,Females,75-79,354,119.4
2004,Females,80-84,254,111.7
2004,Females,85-89,169,134.6
2004,Females,90+,83,117
2005,Females,0-4,0,0
2005,Females,5-9,1,0.2
2005,Females,10-14,4,0.6
2005,Females,15-19,28,4.2
2005,Females,20-24,78,11.2
2005,Females,25-29,168,25
2005,Females,30-34,238,31.5
2005,Females,35-39,257,34.8
2005,Females,40-44,376,48.9
2005,Females,45-49,425,58.1
2005,Females,50-54,443,66.5
2005,Females,55-59,466,76.3
2005,Females,60-64,442,94.9
2005,Females,65-69,431,112.8
2005,Females,70-74,363,112.7
2005,Females,75-79,371,125.1
2005,Females,80-84,326,139.6
2005,Females,85-89,166,127.2
2005,Females,90+,111,147.7
2006,Females,0-4,0,0
2006,Females,5-9,0,0
2006,Females,10-14,3,0.4
2006,Females,15-19,27,4
2006,Females,20-24,79,11.1
2006,Females,25-29,141,20.6
2006,Females,30-34,210,28.4
2006,Females,35-39,247,32.5
2006,Females,40-44,303,39.7
2006,Females,45-49,372,49.9
2006,Females,50-54,393,58
2006,Females,55-59,449,71.4
2006,Females,60-64,370,75.8
2006,Females,65-69,380,97.2
2006,Females,70-74,349,107.8
2006,Females,75-79,401,135.2
2006,Females,80-84,299,126.1
2006,Females,85-89,184,133.8
2006,Females,90+,122,156.6
2007,Females,0-4,0,0
2007,Females,5-9,1,0.2
2007,Females,10-14,4,0.6
2007,Females,15-19,20,2.9
2007,Females,20-24,83,11.4
2007,Females,25-29,116,16.4
2007,Females,30-34,183,25
2007,Females,35-39,289,36.9
2007,Females,40-44,331,43.7
2007,Females,45-49,420,55.1
2007,Females,50-54,402,58.2
2007,Females,55-59,450,71.6
2007,Females,60-64,428,81.3
2007,Females,65-69,365,90.5
2007,Females,70-74,344,103.6
2007,Females,75-79,361,121.8
2007,Females,80-84,331,137.5
2007,Females,85-89,186,127.8
2007,Females,90+,100,123.9
2008,Females,0-4,0,0
2008,Females,5-9,1,0.2
2008,Females,10-14,2,0.3
2008,Females,15-19,20,2.8
2008,Females,20-24,80,10.8
2008,Females,25-29,121,16.3
2008,Females,30-34,187,25.6
2008,Females,35-39,279,34.8
2008,Females,40-44,319,42.3
2008,Females,45-49,404,52.1
2008,Females,50-54,460,65.3
2008,Females,55-59,499,78.3
2008,Females,60-64,489,87.7
2008,Females,65-69,406,97.5
2008,Females,70-74,374,109.9
2008,Females,75-79,345,116.8
2008,Females,80-84,325,132.9
2008,Females,85-89,191,124.8
2008,Females,90+,110,133.9
2009,Females,0-4,0,0
2009,Females,5-9,1,0.2
2009,Females,10-14,3,0.4
2009,Females,15-19,28,3.9
2009,Females,20-24,76,9.9
2009,Females,25-29,124,16
2009,Females,30-34,177,24
2009,Females,35-39,257,31.8
2009,Females,40-44,317,41.6
2009,Females,45-49,415,52.9
2009,Females,50-54,421,58.4
2009,Females,55-59,473,73
2009,Females,60-64,512,88.6
2009,Females,65-69,411,94.4
2009,Females,70-74,404,115.2
2009,Females,75-79,402,136.3
2009,Females,80-84,347,140.1
2009,Females,85-89,230,143.1
2009,Females,90+,116,138.9
2010,Females,0-4,1,0.1
2010,Females,5-9,2,0.3
2010,Females,10-14,3,0.4
2010,Females,15-19,13,1.8
2010,Females,20-24,61,7.8
2010,Females,25-29,144,18
2010,Females,30-34,169,22.6
2010,Females,35-39,234,29
2010,Females,40-44,316,40.8
2010,Females,45-49,379,48.3
2010,Females,50-54,440,59.7
2010,Females,55-59,461,69.9
2010,Females,60-64,526,88.1
2010,Females,65-69,507,110.9
2010,Females,70-74,376,104.2
2010,Females,75-79,365,123.3
2010,Females,80-84,337,134.4
2010,Females,85-89,260,155.7
2010,Females,90+,120,136.3
2011,Females,0-4,0,0
2011,Females,5-9,2,0.3
2011,Females,10-14,2,0.3
2011,Females,15-19,20,2.8
2011,Females,20-24,59,7.5
2011,Females,25-29,115,14.1
2011,Females,30-34,138,18
2011,Females,35-39,272,34.4
2011,Females,40-44,311,38.9
2011,Females,45-49,397,51
2011,Females,50-54,424,56.2
2011,Females,55-59,461,68.4
2011,Females,60-64,544,88.5
2011,Females,65-69,544,113.3
2011,Females,70-74,472,127.4
2011,Females,75-79,345,115
2011,Females,80-84,372,146.8
2011,Females,85-89,245,143
2011,Females,90+,132,141.6
2012,Females,0-4,0,0
2012,Females,5-9,0,0
2012,Females,10-14,2,0.3
2012,Females,15-19,18,2.5
2012,Females,20-24,63,7.9
2012,Females,25-29,131,15.6
2012,Females,30-34,182,23
2012,Females,35-39,250,32
2012,Females,40-44,345,41.8
2012,Females,45-49,395,51
2012,Females,50-54,470,61.1
2012,Females,55-59,495,71.8
2012,Females,60-64,552,89.5
2012,Females,65-69,562,109.3
2012,Females,70-74,432,112.4
2012,Females,75-79,393,128.9
2012,Females,80-84,349,138.2
2012,Females,85-89,289,165.6
2012,Females,90+,168,169.7
2013,Females,0-4,1,0.1
2013,Females,5-9,1,0.1
2013,Females,10-14,4,0.6
2013,Females,15-19,21,2.9
2013,Females,20-24,60,7.4
2013,Females,25-29,137,16
2013,Females,30-34,189,23
2013,Females,35-39,250,32.2
2013,Females,40-44,363,43.3
2013,Females,45-49,398,51.4
2013,Females,50-54,512,65.5
2013,Females,55-59,512,72.7
2013,Females,60-64,523,83.3
2013,Females,65-69,601,110.7
2013,Females,70-74,473,118.9
2013,Females,75-79,441,141.4
2013,Females,80-84,398,158.3
2013,Females,85-89,292,164.4
2013,Females,90+,180,172.1
2014,Females,0-4,1,0.1
2014,Females,5-9,0,0
2014,Females,10-14,1,0.1
2014,Females,15-19,19,2.7
2014,Females,20-24,62,7.6
2014,Females,25-29,118,13.5
2014,Females,30-34,185,21.8
2014,Females,35-39,220,28.3
2014,Females,40-44,381,45.3
2014,Females,45-49,439,56.2
2014,Females,50-54,535,67.7
2014,Females,55-59,500,69.5
2014,Females,60-64,559,87.2
2014,Females,65-69,660,117.3
2014,Females,70-74,522,125.6
2014,Females,75-79,458,142.3
2014,Females,80-84,376,150
2014,Females,85-89,279,155.2
2014,Females,90+,186,168.3
2015,Females,0-4,0,0
2015,Females,5-9,1,0.1
2015,Females,10-14,1,0.1
2015,Females,15-19,13,1.8
2015,Females,20-24,57,7
2015,Females,25-29,145,16.3
2015,Females,30-34,194,22.1
2015,Females,35-39,230,29.2
2015,Females,40-44,359,42.9
2015,Females,45-49,420,52.9
2015,Females,50-54,526,66.6
2015,Females,55-59,530,72.1
2015,Females,60-64,603,92.2
2015,Females,65-69,701,120.2
2015,Females,70-74,549,126.5
2015,Females,75-79,518,155.8
2015,Females,80-84,389,155.4
2015,Females,85-89,316,174.1
2015,Females,90+,172,148.9
2016,Females,0-4,2,0.3
2016,Females,5-9,0,0
2016,Females,10-14,1,0.1
2016,Females,15-19,22,3.1
2016,Females,20-24,59,7.1
2016,Females,25-29,150,16.5
2016,Females,30-34,216,23.9
2016,Females,35-39,278,34.5
2016,Females,40-44,345,42.1
2016,Females,45-49,451,55
2016,Females,50-54,505,64.3
2016,Females,55-59,556,73.9
2016,Females,60-64,643,96.4
2016,Females,65-69,769,127.3
2016,Females,70-74,624,137.6
2016,Females,75-79,516,150.4
2016,Females,80-84,377,149.2
2016,Females,85-89,349,190.7
2016,Females,90+,197,163.5
2017,Females,0-4,0,0
2017,Females,5-9,0,0
2017,Females,10-14,3,0.4
2017,Females,15-19,19,2.6
2017,Females,20-24,55,6.5
2017,Females,25-29,106,11.5
2017,Females,30-34,214,23.1
2017,Females,35-39,250,30
2017,Females,40-44,339,42
2017,Females,45-49,479,56.9
2017,Females,50-54,501,64.1
2017,Females,55-59,602,78.4
2017,Females,60-64,654,95.8
2017,Females,65-69,727,119.8
2017,Females,70-74,738,151.3
2017,Females,75-79,524,147.4
2017,Females,80-84,393,151.6
2017,Females,85-89,316,172.7
2017,Females,90+,198,158.5
2018,Females,0-4,0,0
2018,Females,5-9,0,0
2018,Females,10-14,3,0.4
2018,Females,15-19,18,2.5
2018,Females,20-24,61,7.2
2018,Females,25-29,122,13
2018,Females,30-34,221,23.5
2018,Females,35-39,280,32.4
2018,Females,40-44,365,45.6
2018,Females,45-49,464,54.4
2018,Females,50-54,522,67
2018,Females,55-59,619,79.4
2018,Females,60-64,717,102.8
2018,Females,65-69,751,121.7
2018,Females,70-74,723,139.7
2018,Females,75-79,575,157
2018,Females,80-84,410,153.3
2018,Females,85-89,339,184.9
2018,Females,90+,214,165.8
